{"count":1,"self":1006.9499903999999,"total":3791.7862167,"children":{"InitializeActuators":{"count":16,"self":0.0009983,"total":0.0009983,"children":null},"InitializeSensors":{"count":16,"self":0.0020169,"total":0.0020169,"children":null},"AgentSendState":{"count":984501,"self":139.9302016,"total":235.7577336,"children":{"CollectObservations":{"count":3150416,"self":14.829020799999999,"total":14.829021099999999,"children":null},"WriteActionMask":{"count":3150416,"self":2.8541148,"total":2.8541149,"children":null},"RequestDecision":{"count":3150416,"self":12.8822864,"total":78.144391099999993,"children":{"AgentInfo.ToProto":{"count":3150416,"self":9.3614192,"total":65.2621049,"children":{"GenerateSensorData":{"count":3150416,"self":44.4302624,"total":55.9006857,"children":{"RayPerceptionSensor.Perceive":{"count":9451248,"self":11.4704224,"total":11.4704226,"children":null}}}}}}}}},"DecideAction":{"count":984501,"self":2517.039104,"total":2517.0391114999998,"children":null},"AgentAct":{"count":984501,"self":31.966601599999997,"total":32.0353995,"children":{"AgentInfo.ToProto":{"count":3136,"self":0.0069803999999999995,"total":0.068799199999999991,"children":{"GenerateSensorData":{"count":3136,"self":0.047879399999999996,"total":0.0618188,"children":{"RayPerceptionSensor.Perceive":{"count":9408,"self":0.0139394,"total":0.0139394,"children":null}}}}}}}},"gauges":{"Hummingbird_Aggressive.CumulativeReward":{"count":1568,"max":180.209427,"min":-3.65285087,"runningAverage":31.6821976,"value":130.219147,"weightedAverage":119.855873},"Hummingbird_Conservative.CumulativeReward":{"count":1568,"max":6.68296051,"min":-16.3050537,"runningAverage":4.103442,"value":4.63069773,"weightedAverage":4.52937555}},"metadata":{"timer_format_version":"0.1.0","start_time_seconds":"1751197446","unity_version":"6000.0.40f1","command_line_arguments":"C:\\Unity\\6000.0.40f1\\Editor\\Unity.exe -projectpath C:\\Users\\Nichita Cebotari\\Desktop\\Coding\\!Advanced Tools\\Advanced-Tools-ML-Agents\\HummingBirdsMLAgents -useHub -hubIPC -cloudEnvironment production","communication_protocol_version":"1.5.0","com.unity.ml-agents_version":"3.0.0","scene_name":"Energy Simulation","end_time_seconds":"1751201237"}}