{"count":1,"self":1010.7611135999999,"total":3731.5370085,"children":{"InitializeActuators":{"count":16,"self":0.0029919,"total":0.0029919,"children":null},"InitializeSensors":{"count":16,"self":0.002992,"total":0.002992,"children":null},"AgentSendState":{"count":906201,"self":134.9588096,"total":225.76442559999998,"children":{"CollectObservations":{"count":2899856,"self":13.8830656,"total":13.883065,"children":null},"WriteActionMask":{"count":2899856,"self":2.5260134,"total":2.5260134,"children":null},"RequestDecision":{"count":2899856,"self":12.0882624,"total":74.3965329,"children":{"AgentInfo.ToProto":{"count":2899856,"self":8.8413264,"total":62.3082706,"children":{"GenerateSensorData":{"count":2899856,"self":42.3207616,"total":53.466943799999996,"children":{"RayPerceptionSensor.Perceive":{"count":8699568,"self":11.1461832,"total":11.1461832,"children":null}}}}}}}}},"DecideAction":{"count":906201,"self":2462.2391296,"total":2462.2391843,"children":null},"AgentAct":{"count":906201,"self":32.697772799999996,"total":32.7652871,"children":{"AgentInfo.ToProto":{"count":2896,"self":0.011790199999999999,"total":0.06751349999999999,"children":{"GenerateSensorData":{"count":2896,"self":0.045172899999999995,"total":0.055723299999999996,"children":{"RayPerceptionSensor.Perceive":{"count":8688,"self":0.0105504,"total":0.0105504,"children":null}}}}}}}},"gauges":{"Hummingbird_Aggressive.CumulativeReward":{"count":1448,"max":201.41655,"min":-7.75904751,"runningAverage":54.0126953,"value":163.10997,"weightedAverage":124.8286},"Hummingbird_Conservative.CumulativeReward":{"count":1448,"max":12.2367573,"min":-13.4002876,"runningAverage":0.823271632,"value":0.4365015,"weightedAverage":0.277733326}},"metadata":{"timer_format_version":"0.1.0","start_time_seconds":"1751226416","unity_version":"6000.0.40f1","command_line_arguments":"C:\\Unity\\6000.0.40f1\\Editor\\Unity.exe -projectpath C:\\Users\\Nichita Cebotari\\Desktop\\Coding\\!Advanced Tools\\Advanced-Tools-ML-Agents\\HummingBirdsMLAgents -useHub -hubIPC -cloudEnvironment production","communication_protocol_version":"1.5.0","com.unity.ml-agents_version":"3.0.0","scene_name":"Energy Simulation","end_time_seconds":"1751230147"}}