{"count":1,"self":483.795712,"total":2225.0382133999997,"children":{"InitializeActuators":{"count":16,"self":0.00099739999999999985,"total":0.00099739999999999985,"children":null},"InitializeSensors":{"count":16,"self":0.0029917,"total":0.0029917,"children":null},"AgentSendState":{"count":627934,"self":89.8654976,"total":149.6857904,"children":{"CollectObservations":{"count":2009392,"self":9.6041055999999987,"total":9.6041055,"children":null},"WriteActionMask":{"count":2009392,"self":1.7168683999999999,"total":1.7168683999999999,"children":null},"RequestDecision":{"count":2009392,"self":7.9270736,"total":48.4993194,"children":{"AgentInfo.ToProto":{"count":2009392,"self":5.7110743999999993,"total":40.5722459,"children":{"GenerateSensorData":{"count":2009392,"self":27.778035199999998,"total":34.8611715,"children":{"RayPerceptionSensor.Perceive":{"count":6028176,"self":7.0831368,"total":7.0831366,"children":null}}}}}}}}},"DecideAction":{"count":627934,"self":1573.9537407999999,"total":1573.9537877999999,"children":null},"AgentAct":{"count":627934,"self":17.5495952,"total":17.5979387,"children":{"AgentInfo.ToProto":{"count":2000,"self":0.0089775,"total":0.0483438,"children":{"GenerateSensorData":{"count":2000,"self":0.0313791,"total":0.0393663,"children":{"RayPerceptionSensor.Perceive":{"count":6000,"self":0.0079872,"total":0.0079872,"children":null}}}}}}}},"gauges":{"Hummingbird_Aggressive.CumulativeReward":{"count":1000,"max":2.13613629,"min":-6.86403131,"runningAverage":-0.5014599,"value":-0.518663168,"weightedAverage":-0.5678792},"Hummingbird_Conservative.CumulativeReward":{"count":1000,"max":4.49676466,"min":-20.720892,"runningAverage":2.05179787,"value":2.29706,"weightedAverage":2.40069675}},"metadata":{"timer_format_version":"0.1.0","start_time_seconds":"1751194799","unity_version":"6000.0.40f1","command_line_arguments":"C:\\Unity\\6000.0.40f1\\Editor\\Unity.exe -projectpath C:\\Users\\Nichita Cebotari\\Desktop\\Coding\\!Advanced Tools\\Advanced-Tools-ML-Agents\\HummingBirdsMLAgents -useHub -hubIPC -cloudEnvironment production","communication_protocol_version":"1.5.0","com.unity.ml-agents_version":"3.0.0","scene_name":"Energy Simulation","end_time_seconds":"1751197024"}}