{"count":1,"self":1218.6926079999998,"total":4392.3801735,"children":{"InitializeActuators":{"count":16,"self":0.0019943,"total":0.0019943,"children":null},"InitializeSensors":{"count":16,"self":0.0019947999999999997,"total":0.0019947999999999997,"children":null},"AgentSendState":{"count":1089501,"self":154.2114688,"total":260.4055479,"children":{"CollectObservations":{"count":3486416,"self":16.2408112,"total":16.2408106,"children":null},"WriteActionMask":{"count":3486416,"self":3.1531963999999997,"total":3.1531965,"children":null},"RequestDecision":{"count":3486416,"self":14.446649599999999,"total":86.800074299999991,"children":{"AgentInfo.ToProto":{"count":3486416,"self":10.2832704,"total":72.353424199999992,"children":{"GenerateSensorData":{"count":3486416,"self":48.7012192,"total":62.0701538,"children":{"RayPerceptionSensor.Perceive":{"count":10459248,"self":13.3689352,"total":13.368935299999999,"children":null}}}}}}}}},"DecideAction":{"count":1089501,"self":2876.5206528,"total":2876.5205505,"children":null},"AgentAct":{"count":1089501,"self":36.6721536,"total":36.756813799999996,"children":{"AgentInfo.ToProto":{"count":3472,"self":0.0177348,"total":0.0846589,"children":{"GenerateSensorData":{"count":3472,"self":0.0567491,"total":0.0669241,"children":{"RayPerceptionSensor.Perceive":{"count":10416,"self":0.010175,"total":0.010175,"children":null}}}}}}}},"gauges":{"Hummingbird_Aggressive.CumulativeReward":{"count":1736,"max":211.48761,"min":-5.15710974,"runningAverage":50.11462,"value":166.615036,"weightedAverage":137.248886},"Hummingbird_Conservative.CumulativeReward":{"count":1736,"max":13.706605,"min":-19.9302578,"runningAverage":1.44536316,"value":0.8385923,"weightedAverage":1.418256}},"metadata":{"timer_format_version":"0.1.0","start_time_seconds":"1751205411","unity_version":"6000.0.40f1","command_line_arguments":"C:\\Unity\\6000.0.40f1\\Editor\\Unity.exe -projectpath C:\\Users\\Nichita Cebotari\\Desktop\\Coding\\!Advanced Tools\\Advanced-Tools-ML-Agents\\HummingBirdsMLAgents -useHub -hubIPC -cloudEnvironment production","communication_protocol_version":"1.5.0","com.unity.ml-agents_version":"3.0.0","scene_name":"Energy Simulation","end_time_seconds":"1751209804"}}