{"count":1,"self":215.2370176,"total":934.17155489999993,"children":{"InitializeActuators":{"count":16,"self":0.00099739999999999985,"total":0.00099739999999999985,"children":null},"InitializeSensors":{"count":16,"self":0.0039878,"total":0.0039878,"children":null},"AgentSendState":{"count":242901,"self":34.0643136,"total":59.1609724,"children":{"CollectObservations":{"count":777296,"self":3.8873924,"total":3.8873922999999997,"children":null},"WriteActionMask":{"count":777296,"self":0.75850829999999991,"total":0.75850829999999991,"children":null},"RequestDecision":{"count":777296,"self":3.3651616,"total":20.4507579,"children":{"AgentInfo.ToProto":{"count":777296,"self":2.4823192,"total":17.0855963,"children":{"GenerateSensorData":{"count":777296,"self":11.443768799999999,"total":14.6032771,"children":{"RayPerceptionSensor.Perceive":{"count":2331888,"self":3.1595082,"total":3.1595082,"children":null}}}}}}}}},"DecideAction":{"count":242901,"self":652.520704,"total":652.5207237,"children":null},"AgentAct":{"count":242901,"self":7.2267784,"total":7.2478511,"children":{"AgentInfo.ToProto":{"count":768,"self":0.0029933,"total":0.021072999999999998,"children":{"GenerateSensorData":{"count":768,"self":0.0144698,"total":0.0180797,"children":{"RayPerceptionSensor.Perceive":{"count":2304,"self":0.0036098999999999997,"total":0.0036098999999999997,"children":null}}}}}}}},"gauges":{"Hummingbird_Aggressive.CumulativeReward":{"count":384,"max":25.409277,"min":-9.077533,"runningAverage":6.704963,"value":6.65284824,"weightedAverage":7.187847},"Hummingbird_Conservative.CumulativeReward":{"count":384,"max":14.1075544,"min":-6.95187426,"runningAverage":1.04106975,"value":1.35865283,"weightedAverage":2.77267241}},"metadata":{"timer_format_version":"0.1.0","start_time_seconds":"1751211389","unity_version":"6000.0.40f1","command_line_arguments":"C:\\Unity\\6000.0.40f1\\Editor\\Unity.exe -projectpath C:\\Users\\Nichita Cebotari\\Desktop\\Coding\\!Advanced Tools\\Advanced-Tools-ML-Agents\\HummingBirdsMLAgents -useHub -hubIPC -cloudEnvironment production","communication_protocol_version":"1.5.0","com.unity.ml-agents_version":"3.0.0","scene_name":"Energy Simulation","end_time_seconds":"1751212323"}}