{"count":1,"self":1233.5347712,"total":4395.5321673,"children":{"InitializeActuators":{"count":16,"self":0.0021232,"total":0.0021232,"children":null},"InitializeSensors":{"count":16,"self":0.0019958,"total":0.0019958,"children":null},"AgentSendState":{"count":1085484,"self":160.2545024,"total":267.1073444,"children":{"CollectObservations":{"count":3473552,"self":16.378712,"total":16.3787126,"children":null},"WriteActionMask":{"count":3473552,"self":3.141698,"total":3.1416979,"children":null},"RequestDecision":{"count":3473552,"self":14.153684799999999,"total":87.3324354,"children":{"AgentInfo.ToProto":{"count":3473552,"self":10.307642399999999,"total":73.17875029999999,"children":{"GenerateSensorData":{"count":3473552,"self":49.9786976,"total":62.871107599999995,"children":{"RayPerceptionSensor.Perceive":{"count":10420656,"self":12.8924112,"total":12.892411,"children":null}}}}}}}}},"DecideAction":{"count":1085484,"self":2859.1382528,"total":2859.1382991,"children":null},"AgentAct":{"count":1085484,"self":35.6560576,"total":35.746593499999996,"children":{"AgentInfo.ToProto":{"count":3472,"self":0.0153426,"total":0.090536399999999989,"children":{"GenerateSensorData":{"count":3472,"self":0.062007099999999996,"total":0.075193799999999991,"children":{"RayPerceptionSensor.Perceive":{"count":10416,"self":0.013186699999999999,"total":0.013186699999999999,"children":null}}}}}}}},"gauges":{"Hummingbird_Aggressive.CumulativeReward":{"count":1736,"max":196.636108,"min":-8.649878,"runningAverage":46.54518,"value":128.8602,"weightedAverage":121.069824},"Hummingbird_Conservative.CumulativeReward":{"count":1736,"max":14.1853819,"min":-12.1331482,"runningAverage":0.80771327,"value":0.430940747,"weightedAverage":0.315284}},"metadata":{"timer_format_version":"0.1.0","start_time_seconds":"1751212650","unity_version":"6000.0.40f1","command_line_arguments":"C:\\Unity\\6000.0.40f1\\Editor\\Unity.exe -projectpath C:\\Users\\Nichita Cebotari\\Desktop\\Coding\\!Advanced Tools\\Advanced-Tools-ML-Agents\\HummingBirdsMLAgents -useHub -hubIPC -cloudEnvironment production","communication_protocol_version":"1.5.0","com.unity.ml-agents_version":"3.0.0","scene_name":"Energy Simulation","end_time_seconds":"1751217045"}}