{"count":1,"self":579.977984,"total":2477.6086852999997,"children":{"InitializeActuators":{"count":16,"self":0.0019947999999999997,"total":0.0019947999999999997,"children":null},"InitializeSensors":{"count":16,"self":0.0019947999999999997,"total":0.0019947999999999997,"children":null},"AgentSendState":{"count":656301,"self":98.605324799999991,"total":163.9006291,"children":{"CollectObservations":{"count":2100176,"self":10.2541608,"total":10.2541607,"children":null},"WriteActionMask":{"count":2100176,"self":1.9246467999999999,"total":1.9246467999999999,"children":null},"RequestDecision":{"count":2100176,"self":8.7757912,"total":53.1164942,"children":{"AgentInfo.ToProto":{"count":2100176,"self":6.3810211999999993,"total":44.340703,"children":{"GenerateSensorData":{"count":2100176,"self":29.8563168,"total":37.9596817,"children":{"RayPerceptionSensor.Perceive":{"count":6300528,"self":8.1033632,"total":8.1033634,"children":null}}}}}}}}},"DecideAction":{"count":656301,"self":1714.1584896,"total":1714.1585025,"children":null},"AgentAct":{"count":656301,"self":19.5266,"total":19.566581199999998,"children":{"AgentInfo.ToProto":{"count":2096,"self":0.0040028,"total":0.0399812,"children":{"GenerateSensorData":{"count":2096,"self":0.028717999999999997,"total":0.0359784,"children":{"RayPerceptionSensor.Perceive":{"count":6288,"self":0.0072603999999999993,"total":0.0072603999999999993,"children":null}}}}}}}},"gauges":{"Hummingbird_Aggressive.CumulativeReward":{"count":1048,"max":10.9555054,"min":-14.8176355,"runningAverage":7.29130459,"value":8.590762,"weightedAverage":8.477465},"Hummingbird_Conservative.CumulativeReward":{"count":1048,"max":4.01213741,"min":-10.9864359,"runningAverage":1.35035086,"value":2.06111956,"weightedAverage":1.9117049}},"metadata":{"timer_format_version":"0.1.0","start_time_seconds":"1751202036","unity_version":"6000.0.40f1","command_line_arguments":"C:\\Unity\\6000.0.40f1\\Editor\\Unity.exe -projectpath C:\\Users\\Nichita Cebotari\\Desktop\\Coding\\!Advanced Tools\\Advanced-Tools-ML-Agents\\HummingBirdsMLAgents -useHub -hubIPC -cloudEnvironment production","communication_protocol_version":"1.5.0","com.unity.ml-agents_version":"3.0.0","scene_name":"Energy Simulation","end_time_seconds":"1751204514"}}