{
    "name": "root",
    "gauges": {
        "Hummingbird_Conservative.Policy.Entropy.mean": {
            "value": 1.4364691972732544,
            "min": 1.4189382791519165,
            "max": 1.4364691972732544,
            "count": 18
        },
        "Hummingbird_Conservative.Policy.Entropy.sum": {
            "value": 14433.642578125,
            "min": 14022.701171875,
            "max": 14433.642578125,
            "count": 18
        },
        "Hummingbird_Conservative.survival.time_steps.mean": {
            "value": 1164.25,
            "min": 774.2708333333334,
            "max": 1164.25,
            "count": 18
        },
        "Hummingbird_Conservative.survival.time_steps.sum": {
            "value": 18628.0,
            "min": 18463.0,
            "max": 37165.0,
            "count": 18
        },
        "Hummingbird_Conservative.Step.mean": {
            "value": 179968.0,
            "min": 9984.0,
            "max": 179968.0,
            "count": 18
        },
        "Hummingbird_Conservative.Step.sum": {
            "value": 179968.0,
            "min": 9984.0,
            "max": 179968.0,
            "count": 18
        },
        "Hummingbird_Conservative.Policy.ExtrinsicValueEstimate.mean": {
            "value": -0.12848761677742004,
            "min": -0.1306362897157669,
            "max": 0.21459202468395233,
            "count": 18
        },
        "Hummingbird_Conservative.Policy.ExtrinsicValueEstimate.sum": {
            "value": -20.42953109741211,
            "min": -20.901805877685547,
            "max": 34.12013244628906,
            "count": 18
        },
        "Hummingbird_Conservative.Environment.EpisodeLength.mean": {
            "value": 999.0,
            "min": 999.0,
            "max": 999.0,
            "count": 18
        },
        "Hummingbird_Conservative.Environment.EpisodeLength.sum": {
            "value": 7992.0,
            "min": 7992.0,
            "max": 15984.0,
            "count": 18
        },
        "Hummingbird_Conservative.Environment.CumulativeReward.mean": {
            "value": -1.5767499953508377,
            "min": -1.7762333591779074,
            "max": -1.325687512755394,
            "count": 18
        },
        "Hummingbird_Conservative.Environment.CumulativeReward.sum": {
            "value": -12.613999962806702,
            "min": -26.64350038766861,
            "max": -10.605500102043152,
            "count": 18
        },
        "Hummingbird_Conservative.Policy.ExtrinsicReward.mean": {
            "value": -1.5767499953508377,
            "min": -1.7762333591779074,
            "max": -1.325687512755394,
            "count": 18
        },
        "Hummingbird_Conservative.Policy.ExtrinsicReward.sum": {
            "value": -12.613999962806702,
            "min": -26.64350038766861,
            "max": -10.605500102043152,
            "count": 18
        },
        "Hummingbird_Conservative.IsTraining.mean": {
            "value": 1.0,
            "min": 1.0,
            "max": 1.0,
            "count": 18
        },
        "Hummingbird_Conservative.IsTraining.sum": {
            "value": 1.0,
            "min": 1.0,
            "max": 1.0,
            "count": 18
        },
        "Hummingbird_Aggressive.Policy.Entropy.mean": {
            "value": 1.4339220523834229,
            "min": 1.4189382791519165,
            "max": 1.4339220523834229,
            "count": 18
        },
        "Hummingbird_Aggressive.Policy.Entropy.sum": {
            "value": 14408.048828125,
            "min": 14037.5166015625,
            "max": 14408.048828125,
            "count": 18
        },
        "Hummingbird_Aggressive.survival.time_steps.mean": {
            "value": 1164.25,
            "min": 774.2708333333334,
            "max": 1164.25,
            "count": 18
        },
        "Hummingbird_Aggressive.survival.time_steps.sum": {
            "value": 18628.0,
            "min": 18463.0,
            "max": 37165.0,
            "count": 18
        },
        "Hummingbird_Aggressive.Step.mean": {
            "value": 179968.0,
            "min": 9984.0,
            "max": 179968.0,
            "count": 18
        },
        "Hummingbird_Aggressive.Step.sum": {
            "value": 179968.0,
            "min": 9984.0,
            "max": 179968.0,
            "count": 18
        },
        "Hummingbird_Aggressive.Policy.ExtrinsicValueEstimate.mean": {
            "value": -0.05924731120467186,
            "min": -0.060181714594364166,
            "max": 0.22175483405590057,
            "count": 18
        },
        "Hummingbird_Aggressive.Policy.ExtrinsicValueEstimate.sum": {
            "value": -9.42032241821289,
            "min": -9.629074096679688,
            "max": 35.25901794433594,
            "count": 18
        },
        "Hummingbird_Aggressive.Environment.EpisodeLength.mean": {
            "value": 999.0,
            "min": 999.0,
            "max": 999.0,
            "count": 18
        },
        "Hummingbird_Aggressive.Environment.EpisodeLength.sum": {
            "value": 7992.0,
            "min": 7992.0,
            "max": 15984.0,
            "count": 18
        },
        "Hummingbird_Aggressive.Environment.CumulativeReward.mean": {
            "value": -0.5493018145207316,
            "min": -0.8869130472303368,
            "max": -0.37657078518532217,
            "count": 18
        },
        "Hummingbird_Aggressive.Environment.CumulativeReward.sum": {
            "value": -4.3944145161658525,
            "min": -12.197963364771567,
            "max": -3.3891370666678995,
            "count": 18
        },
        "Hummingbird_Aggressive.Policy.ExtrinsicReward.mean": {
            "value": -0.5493018145207316,
            "min": -0.8869130472303368,
            "max": -0.37657078518532217,
            "count": 18
        },
        "Hummingbird_Aggressive.Policy.ExtrinsicReward.sum": {
            "value": -4.3944145161658525,
            "min": -12.197963364771567,
            "max": -3.3891370666678995,
            "count": 18
        },
        "Hummingbird_Aggressive.IsTraining.mean": {
            "value": 1.0,
            "min": 1.0,
            "max": 1.0,
            "count": 18
        },
        "Hummingbird_Aggressive.IsTraining.sum": {
            "value": 1.0,
            "min": 1.0,
            "max": 1.0,
            "count": 18
        },
        "Hummingbird_Conservative.Losses.PolicyLoss.mean": {
            "value": 0.025040663002679747,
            "min": 0.018523622793145476,
            "max": 0.0268046549972496,
            "count": 17
        },
        "Hummingbird_Conservative.Losses.PolicyLoss.sum": {
            "value": 0.025040663002679747,
            "min": 0.018523622793145476,
            "max": 0.0268046549972496,
            "count": 17
        },
        "Hummingbird_Conservative.Losses.ValueLoss.mean": {
            "value": 0.012841934245079756,
            "min": 0.006446561263874173,
            "max": 0.015567344892770053,
            "count": 17
        },
        "Hummingbird_Conservative.Losses.ValueLoss.sum": {
            "value": 0.012841934245079756,
            "min": 0.006446561263874173,
            "max": 0.015567344892770053,
            "count": 17
        },
        "Hummingbird_Conservative.Policy.LearningRate.mean": {
            "value": 0.0002732160089279999,
            "min": 0.0002732160089279999,
            "max": 0.000298416000528,
            "count": 17
        },
        "Hummingbird_Conservative.Policy.LearningRate.sum": {
            "value": 0.0002732160089279999,
            "min": 0.0002732160089279999,
            "max": 0.000298416000528,
            "count": 17
        },
        "Hummingbird_Conservative.Policy.Epsilon.mean": {
            "value": 0.19107200000000005,
            "min": 0.19107200000000005,
            "max": 0.19947200000000004,
            "count": 17
        },